5E-05,1.65474505066385E-17
0.0001,7.37105122242748E-18
0.000102329299228075,7.17567503400227E-18
0.00010471285480509,6.98547746309738E-18
0.000107151930523761,6.80032124590573E-18
0.000109647819614319,6.62007275691823E-18
0.000112201845430196,6.44460191248718E-18
0.000114815362149688,6.27378207694615E-18
0.000117489755493953,6.10748997121846E-18
0.000120226443461741,5.94560558384761E-18
0.000123026877081238,5.78801208438618E-18
0.000125892541179417,5.63459573908042E-18
0.000128824955169313,5.48524582878962E-18
0.000131825673855641,5.33985456908117E-18
0.000134896288259165,5.19831703244357E-18
0.000138038426460289,5.06053107256115E-18
0.000141253754462275,4.92639725059614E-18
0.000144543977074593,4.79581876342437E-18
0.000147910838816821,4.66870137377376E-18
0.000151356124843621,4.54495334221374E-18
0.000154881661891248,4.42448536094802E-18
0.000158489319246111,4.30721048936186E-18
0.000162181009735893,4.19304409127794E-18
0.000165958690743756,4.08190377387517E-18
0.000169824365246174,3.97370932822654E-18
0.000173780082874938,3.86838267141314E-18
0.000177827941003892,3.76584779017242E-18
0.000181970085860998,3.66603068604015E-18
0.000186208713666287,3.56885932194637E-18
0.000190546071796325,3.47426357022698E-18
0.000194984459975805,3.38217516201321E-18
0.000199526231496888,3.29252763796264E-18
0.000204173794466953,3.20525630029611E-18
0.000208929613085404,3.12029816610592E-18
0.000213796208950223,3.0375919219017E-18
0.000218776162394955,2.95707787936098E-18
0.000223872113856834,2.87869793225273E-18
0.000229086765276777,2.80239551450263E-18
0.000234422881531992,2.72811555936984E-18
0.000239883291901949,2.65580445970587E-18
0.000245470891568503,2.5854100292668E-18
0.000251188643150958,2.51688146505094E-18
0.000257039578276886,2.45016931063485E-18
0.000263026799189538,2.3852254204809E-18
0.000269153480392692,2.32200292519142E-18
0.000275422870333817,2.26045619768317E-18
0.000281838293126446,2.20054082025889E-18
0.000288403150312661,2.14221355255138E-18
0.000295120922666639,2.08543230031739E-18
0.000301995172040202,2.03015608505855E-18
0.000309029543251359,1.97634501444762E-18
0.000316227766016838,1.92396025353846E-18
0.000323593656929628,1.87296399673941E-18
0.000331131121482591,1.82331944052913E-18
0.000338844156139202,1.77499075689603E-18
0.000346736850452532,1.72794306748135E-18
0.000354813389233575,1.68214241840799E-18
0.000363078054770101,1.63755575577607E-18
0.000371535229097172,1.59415090180846E-18
0.000380189396320561,1.55189653162823E-18
0.00038904514499428,1.51076215065184E-18
0.000398107170553497,1.47071807258149E-18
0.000407380277804113,1.43173539798078E-18
0.000416869383470336,1.39378599341825E-18
0.000426579518801593,1.3568424711638E-18
0.000436515832240166,1.32087816942311E-18
0.000446683592150963,1.28586713309621E-18
0.000457088189614875,1.25178409504579E-18
0.000467735141287198,1.21860445786226E-18
0.000478630092322639,1.18630427611196E-18
0.000489778819368446,1.15486023905602E-18
0.000501187233627273,1.12424965382713E-18
0.000512861383991365,1.09445042905242E-18
0.000524807460249773,1.06544105891021E-18
0.000537031796370253,1.03720060760955E-18
0.000549540873857625,1.00970869428103E-18
0.000562341325190349,9.82945478268071E-19
0.000575439937337157,9.56891644808132E-19
0.000588843655355589,9.31528391093424E-19
0.000602559586074357,9.06837412701096E-19
0.000616595001861482,8.82800890383107E-19
0.000630957344480193,8.5940147720624E-19
0.000645654229034656,8.36622286032983E-19
0.000660693448007596,8.14446877334238E-19
0.000676082975391982,7.92859247325072E-19
0.000691830970918936,7.71843816414929E-19
0.000707945784384138,7.51385417963988E-19
0.00072443596007499,7.31469287337543E-19
0.000741310241300918,7.120810512505E-19
0.000758577575029184,6.93206717394315E-19
0.000776247116628692,6.74832664338874E-19
0.000794328234724281,6.56945631702037E-19
0.000812830516164099,6.39532710579741E-19
0.000831763771102671,6.22581334229766E-19
0.000851138038202377,6.06079269002436E-19
0.000870963589956081,5.90014605511706E-19
0.000891250938133746,5.74375750040272E-19
0.00091201083935591,5.59151416172493E-19
0.000933254300796991,5.44330616649089E-19
0.000954992586021436,5.29902655437741E-19
0.000977237220955811,5.15857120013863E-19
0.001,5.02183873845982E-19
0.00102329299228075,4.88873049080299E-19
0.0010471285480509,4.7591503941912E-19
0.00107151930523761,4.63300493187921E-19
0.00109647819614319,4.51020306583656E-19
0.00112201845430196,4.39065617077712E-19
0.00114815362149688,4.27427796796945E-19
0.00117489755493953,4.16098444788529E-19
0.00120226443461741,4.05069372485426E-19
0.00123026877081238,3.94332557818409E-19
0.00125892541179417,3.83879979038431E-19
0.00128824955169313,3.73703056110018E-19
0.00131825673855641,3.63790991934101E-19
0.00134896288259165,3.54126444360625E-19
0.00138038426460289,3.44675572088039E-19
0.00141253754462275,3.35367799734907E-19
0.00144543977074593,3.26059575659186E-19
0.00147910838816821,3.16478252506482E-19
0.00151356124843621,3.06151683262624E-19
0.00154881661891248,2.94353581636015E-19
0.00158489319246111,2.80137681636797E-19
0.00162181009735893,2.6256810959295E-19
0.00165958690743756,2.41185659539251E-19
0.00169824365246174,2.16495815383891E-19
0.00173780082874938,1.90032238603988E-19
0.00177827941003892,1.6380111240475E-19
0.00181970085860998,1.39514345908724E-19
0.00186208713666287,1.18161021192E-19
0.00190546071796325,1.00030605241024E-19
0.00194984459975805,8.49562153501E-20
0.00199526231496888,7.25569129085253E-20
0.00204173794466953,6.23967083235773E-20
0.00208929613085404,5.40653932922118E-20
0.00213796208950223,4.72097269040758E-20
0.00218776162394955,4.15390040569051E-20
0.00223872113856834,3.68195851269133E-20
0.00229086765276777,3.286587341534E-20
0.00234422881531992,2.9531116044889E-20
0.00239883291901949,2.66993156006059E-20
0.00245470891568503,2.42785773299568E-20
0.00251188643150958,2.21958196247175E-20
0.00257039578276886,2.03926420357259E-20
0.00263026799189538,1.88221252693769E-20
0.00269153480392692,1.7446361095754E-20
0.00275422870333817,1.62345456630779E-20
0.00281838293126445,1.51615046329506E-20
0.00288403150312661,1.4206548438165E-20
0.00295120922666639,1.33525799854615E-20
0.00301995172040202,1.25853958076684E-20
0.00309029543251359,1.18931359424088E-20
0.00316227766016838,1.1265848615655E-20
0.00323593656929628,1.06951439460731E-20
0.00331131121482591,1.0173917009315E-20
0.00338844156139202,9.6961252126219E-21
0.00346736850452532,9.25660841023122E-21
0.00354813389233575,8.85094282474432E-21
0.00363078054770101,8.47532184162873E-21
0.00371535229097172,8.12645827158503E-21
0.00380189396320561,7.80150384614693E-21
0.0038904514499428,7.49798261306125E-21
0.00398107170553497,7.21373559492694E-21
0.00407380277804113,6.94687461604082E-21
0.00416869383470336,6.69574362501819E-21
0.00426579518801593,6.45888617211891E-21
0.00436515832240166,6.23501796118685E-21
0.00446683592150963,6.02300360256233E-21
0.00457088189614875,5.82183685735278E-21
0.00467735141287198,5.63062379431763E-21
0.00478630092322639,5.44856838547564E-21
0.00489778819368446,5.27496015088917E-21
0.00501187233627272,5.10916353120065E-21
0.00512861383991365,4.95060872172586E-21
0.00524807460249773,4.79878374685621E-21
0.00537031796370253,4.65322759023693E-21
0.00549540873857625,4.51352422628766E-21
0.00562341325190349,4.37929742339411E-21
0.00575439937337157,4.25020620954256E-21
0.00588843655355589,4.12594090810246E-21
0.00602559586074357,4.00621966553594E-21
0.00616595001861482,3.89078540454669E-21
0.00630957344480193,3.77940314599559E-21
0.00645654229034656,3.67185765114413E-21
0.00660693448007596,3.5679513427164E-21
0.00676082975391982,3.46750246911856E-21
0.00691830970918936,3.3703434811047E-21
0.00707945784384138,3.27631959437976E-21
0.0072443596007499,3.18528751520571E-21
0.00741310241300918,3.09711430912876E-21
0.00758577575029184,3.0116763955555E-21
0.00776247116628692,2.92885865314472E-21
0.00794328234724281,2.84855362290598E-21
0.00812830516164099,2.77066079755423E-21
0.00831763771102671,2.69508598710159E-21
0.00851138038202377,2.62174075190656E-21
0.0087096358995608,2.55054189547519E-21
0.00891250938133746,2.48141101024239E-21
0.0091201083935591,2.41427407037428E-21
0.00933254300796992,2.34906106634008E-21
0.00954992586021436,2.28570567662227E-21
0.00977237220955811,2.22414497247395E-21
