# Code: sensitivity_master_dec2011.c (sll - 3 May 2012 Build), with reddening
# based on WWW Sensitivity Curve Generator located at:
#   http://www.srl.caltech.edu/~shane/sensitivity/MakeCurve.html
# EQUAL ARM Space Based Observatory Sensitivity Curve
# Polarization and All Sky Averaged
# -------------------------------------------
# For this data file:
# -------------------------------------------
# Base Filename = LISA2018_esaSTD 
# SNR = 1.000000 
# Optics diameter = 0.300000 meters
# Armlength = 2.500000e+09 meters
# Laser power = 1.000000 Watts
# Wavelength = 1.064000e-06 m
# Optical train efficiency = 0.300000 
# Reddening (1 + fr/f) @ fr = 0.000400 Hz
# Reddening index (1 + fr/f)^Ri -- Ri = 2.000000 
# Reddening 2 (1 + fr/f) @ fr = 0.000000 Hz
# Reddening index 2 (1 + fr/f)^Ri -- Ri = 8.000000 
# Accleration noise = 3.000000e-15 m/(s^2 root Hz)
# Position noise = 1.524300e-11 m/(root Hz)
# Sensitivity Floor Set by Position Noise Budget
# Output Curve type is Root Spectral Density, per root Hz
# Astrophysical Noise is No White Dwarf Noise
# -------------------------------------------
# f [Hz],hf [Hz^(-1/2)]
1.953007e-07,8.428582e-09
1.998512e-07,7.865846e-09
2.045077e-07,7.340693e-09
2.092727e-07,6.850591e-09
2.141488e-07,6.393206e-09
2.191385e-07,5.966363e-09
2.242444e-07,5.568021e-09
2.294693e-07,5.196278e-09
2.348160e-07,4.849341e-09
2.402872e-07,4.525576e-09
2.458859e-07,4.223426e-09
2.516150e-07,3.941454e-09
2.574776e-07,3.678303e-09
2.634769e-07,3.432719e-09
2.696159e-07,3.203534e-09
2.758979e-07,2.989654e-09
2.823264e-07,2.790047e-09
2.889046e-07,2.603771e-09
2.956360e-07,2.429932e-09
3.025243e-07,2.267698e-09
3.095731e-07,2.116296e-09
3.167862e-07,1.975000e-09
3.241673e-07,1.843140e-09
3.317203e-07,1.720084e-09
3.394495e-07,1.605242e-09
3.473587e-07,1.498068e-09
3.554520e-07,1.398051e-09
3.637341e-07,1.304710e-09
3.722092e-07,1.217600e-09
3.808816e-07,1.136308e-09
3.897561e-07,1.060443e-09
3.988375e-07,9.896420e-10
4.081304e-07,9.235690e-10
4.176398e-07,8.619068e-10
4.273709e-07,8.043614e-10
4.373287e-07,7.506581e-10
4.475184e-07,7.005408e-10
4.579455e-07,6.537697e-10
4.686158e-07,6.101203e-10
4.795345e-07,5.693858e-10
4.907077e-07,5.313708e-10
5.021411e-07,4.958939e-10
5.138410e-07,4.627856e-10
5.258135e-07,4.318879e-10
5.380650e-07,4.030529e-10
5.506018e-07,3.761434e-10
5.634308e-07,3.510303e-10
5.765589e-07,3.275936e-10
5.899927e-07,3.057219e-10
6.037395e-07,2.853104e-10
6.178066e-07,2.662618e-10
6.322015e-07,2.484848e-10
6.469318e-07,2.318948e-10
6.620052e-07,2.164124e-10
6.774301e-07,2.019636e-10
6.932140e-07,1.884796e-10
7.093660e-07,1.758958e-10
7.258941e-07,1.641522e-10
7.428076e-07,1.531925e-10
7.601150e-07,1.429647e-10
7.778256e-07,1.334197e-10
7.959489e-07,1.245120e-10
8.144946e-07,1.161989e-10
8.334723e-07,1.084409e-10
8.528923e-07,1.012009e-10
8.727645e-07,9.444427e-11
8.931000e-07,8.813871e-11
9.139092e-07,8.225416e-11
9.352033e-07,7.676247e-11
9.569935e-07,7.163746e-11
9.792915e-07,6.685459e-11
1.002109e-06,6.239105e-11
1.025458e-06,5.822555e-11
1.049351e-06,5.433813e-11
1.073801e-06,5.071026e-11
1.098821e-06,4.732460e-11
1.124423e-06,4.416499e-11
1.150622e-06,4.121633e-11
1.177432e-06,3.846452e-11
1.204866e-06,3.589646e-11
1.232939e-06,3.349984e-11
1.261667e-06,3.126323e-11
1.291064e-06,2.917595e-11
1.321146e-06,2.722803e-11
1.351928e-06,2.541016e-11
1.383428e-06,2.371367e-11
1.415662e-06,2.213043e-11
1.448647e-06,2.065290e-11
1.482400e-06,1.927402e-11
1.516940e-06,1.798719e-11
1.552285e-06,1.678629e-11
1.588453e-06,1.566556e-11
1.625464e-06,1.461966e-11
1.663337e-06,1.364358e-11
1.702093e-06,1.273267e-11
1.741752e-06,1.188259e-11
1.782335e-06,1.108925e-11
1.823863e-06,1.034888e-11
1.866359e-06,9.657946e-12
1.909845e-06,9.013141e-12
1.954345e-06,8.411383e-12
1.999881e-06,7.849808e-12
2.046478e-06,7.325724e-12
2.094161e-06,6.836627e-12
2.142956e-06,6.380170e-12
2.192885e-06,5.954216e-12
2.243981e-06,5.556679e-12
2.296265e-06,5.185694e-12
2.349767e-06,4.839481e-12
2.404517e-06,4.516374e-12
2.460543e-06,4.214843e-12
2.517873e-06,3.933443e-12
2.576540e-06,3.670831e-12
2.636573e-06,3.425753e-12
2.698005e-06,3.197036e-12
2.760868e-06,2.983590e-12
2.825197e-06,2.784391e-12
2.891025e-06,2.598494e-12
2.958385e-06,2.425011e-12
3.027315e-06,2.263108e-12
3.097853e-06,2.112012e-12
3.170032e-06,1.971009e-12
3.243894e-06,1.839416e-12
3.319476e-06,1.716612e-12
3.396820e-06,1.602005e-12
3.475967e-06,1.495049e-12
3.556956e-06,1.395236e-12
3.639834e-06,1.302084e-12
3.724642e-06,1.215154e-12
3.811425e-06,1.134027e-12
3.900231e-06,1.058316e-12
3.991108e-06,9.876590e-13
4.084100e-06,9.217210e-13
4.179259e-06,8.601844e-13
4.276637e-06,8.027560e-13
4.376282e-06,7.491626e-13
4.478249e-06,6.991468e-13
4.582593e-06,6.524701e-13
4.689368e-06,6.089096e-13
4.798630e-06,5.682578e-13
4.910438e-06,5.303200e-13
5.024851e-06,4.949151e-13
5.141930e-06,4.618738e-13
5.261736e-06,4.310386e-13
5.384335e-06,4.022619e-13
5.509789e-06,3.754068e-13
5.638169e-06,3.503441e-13
5.769537e-06,3.269551e-13
5.903967e-06,3.051275e-13
6.041531e-06,2.847570e-13
6.182299e-06,2.657466e-13
6.326346e-06,2.480056e-13
6.473750e-06,2.314488e-13
6.624587e-06,2.159976e-13
6.778940e-06,2.015779e-13
6.936889e-06,1.881209e-13
7.098519e-06,1.755622e-13
7.263915e-06,1.638420e-13
7.433164e-06,1.529043e-13
7.606356e-06,1.426968e-13
7.783585e-06,1.331708e-13
7.964942e-06,1.242808e-13
8.150526e-06,1.159843e-13
8.340433e-06,1.082416e-13
8.534765e-06,1.010160e-13
8.733625e-06,9.427266e-14
8.937119e-06,8.797953e-14
9.145354e-06,8.210655e-14
9.358440e-06,7.662567e-14
9.576492e-06,7.151067e-14
9.799623e-06,6.673720e-14
1.002796e-05,6.228237e-14
1.026161e-05,5.812496e-14
1.050070e-05,5.424509e-14
1.074537e-05,5.062424e-14
1.099573e-05,4.724513e-14
1.125194e-05,4.409161e-14
1.151411e-05,4.114860e-14
1.178238e-05,3.840206e-14
1.205691e-05,3.583889e-14
1.233784e-05,3.344683e-14
1.262531e-05,3.121445e-14
1.291948e-05,2.913110e-14
1.322051e-05,2.718683e-14
1.352854e-05,2.537236e-14
1.384376e-05,2.367902e-14
1.416632e-05,2.209871e-14
1.449639e-05,2.062391e-14
1.483416e-05,1.924755e-14
1.517980e-05,1.796307e-14
1.553348e-05,1.676434e-14
1.589541e-05,1.564562e-14
1.626578e-05,1.460159e-14
1.664477e-05,1.362724e-14
1.703259e-05,1.271794e-14
1.742945e-05,1.186934e-14
1.783556e-05,1.107738e-14
1.825113e-05,1.033828e-14
1.867638e-05,9.648518e-15
1.911155e-05,9.006411e-15
1.955685e-05,8.399713e-15
2.001251e-05,7.847000e-15
2.047880e-05,7.321810e-15
2.095596e-05,6.833689e-15
2.144424e-05,6.375996e-15
2.194387e-05,5.951012e-15
2.245517e-05,5.556223e-15
2.297838e-05,5.182418e-15
2.351378e-05,4.837162e-15
2.406165e-05,4.516764e-15
2.462228e-05,4.214337e-15
2.519599e-05,3.933186e-15
2.578305e-05,3.671005e-15
2.638380e-05,3.425567e-15
2.699854e-05,3.197943e-15
2.762760e-05,2.984218e-15
2.827133e-05,2.785368e-15
2.893006e-05,2.599483e-15
2.960412e-05,2.426661e-15
3.029390e-05,2.264552e-15
3.099973e-05,2.113981e-15
3.172204e-05,1.973101e-15
3.246116e-05,1.841308e-15
3.321751e-05,1.718913e-15
3.399148e-05,1.604323e-15
3.478347e-05,1.497517e-15
3.559393e-05,1.397759e-15
3.642327e-05,1.304654e-15
3.727194e-05,1.217869e-15
3.814036e-05,1.136808e-15
3.902903e-05,1.061122e-15
3.993841e-05,9.904775e-16
4.086898e-05,9.245592e-16
4.182122e-05,8.630478e-16
4.279566e-05,8.056321e-16
4.379280e-05,7.520578e-16
4.481318e-05,7.020433e-16
4.585732e-05,6.553706e-16
4.692580e-05,6.117997e-16
4.801916e-05,5.711322e-16
4.913800e-05,5.331647e-16
5.028294e-05,4.977466e-16
5.145453e-05,4.646919e-16
5.265342e-05,4.338264e-16
5.388024e-05,4.050236e-16
5.513564e-05,3.781426e-16
5.642030e-05,3.530510e-16
5.773490e-05,3.296271e-16
5.908011e-05,3.077722e-16
6.045668e-05,2.873657e-16
6.186534e-05,2.683224e-16
6.330680e-05,2.505442e-16
6.478183e-05,2.339511e-16
6.629126e-05,2.184643e-16
6.783584e-05,2.040057e-16
6.941641e-05,1.905121e-16
7.103382e-05,1.779151e-16
7.268891e-05,1.661554e-16
7.438256e-05,1.551792e-16
7.611567e-05,1.449330e-16
7.788918e-05,1.353679e-16
7.970398e-05,1.264388e-16
8.156109e-05,1.181032e-16
8.346146e-05,1.103216e-16
8.540612e-05,1.030573e-16
8.739608e-05,9.627537e-17
8.943241e-05,8.994399e-17
9.151618e-05,8.403317e-17
9.364851e-05,7.851452e-17
9.583052e-05,7.336225e-17
9.806338e-05,6.855170e-17
1.003482e-04,6.406043e-17
1.026864e-04,5.986667e-17
1.050790e-04,5.595112e-17
1.075273e-04,5.229488e-17
1.100327e-04,4.888088e-17
1.125964e-04,4.569297e-17
1.152199e-04,4.271600e-17
1.179046e-04,3.993598e-17
1.206517e-04,3.733981e-17
1.234629e-04,3.491525e-17
1.263396e-04,3.265087e-17
1.292833e-04,3.053603e-17
1.322956e-04,2.856075e-17
1.353781e-04,2.671575e-17
1.385324e-04,2.499241e-17
1.417602e-04,2.338259e-17
1.450632e-04,2.187877e-17
1.484432e-04,2.047391e-17
1.519019e-04,1.916140e-17
1.554413e-04,1.793513e-17
1.590630e-04,1.678938e-17
1.627692e-04,1.571878e-17
1.665617e-04,1.471836e-17
1.704426e-04,1.378345e-17
1.744139e-04,1.290970e-17
1.784778e-04,1.209307e-17
1.826363e-04,1.132976e-17
1.868917e-04,1.061623e-17
1.912464e-04,9.949184e-18
1.957023e-04,9.325582e-18
2.002621e-04,8.742487e-18
2.049283e-04,8.197239e-18
2.097031e-04,7.687353e-18
2.145891e-04,7.210474e-18
2.195891e-04,6.764416e-18
2.247055e-04,6.347158e-18
2.299412e-04,5.956784e-18
2.352989e-04,5.591530e-18
2.407814e-04,5.249737e-18
2.463915e-04,4.929862e-18
2.521324e-04,4.630456e-18
2.580071e-04,4.350171e-18
2.640188e-04,4.087747e-18
2.701704e-04,3.842021e-18
2.764653e-04,3.611892e-18
2.829070e-04,3.396332e-18
2.894987e-04,3.194393e-18
2.962440e-04,3.005180e-18
3.031465e-04,2.827862e-18
3.102098e-04,2.661661e-18
3.174378e-04,2.505849e-18
3.248339e-04,2.359757e-18
3.324026e-04,2.222744e-18
3.401477e-04,2.094223e-18
3.480731e-04,1.973646e-18
3.561832e-04,1.860495e-18
3.644823e-04,1.754291e-18
3.729747e-04,1.654586e-18
3.816651e-04,1.560960e-18
3.905577e-04,1.473023e-18
3.996578e-04,1.390408e-18
4.089697e-04,1.312778e-18
4.184987e-04,1.239810e-18
4.282498e-04,1.171209e-18
4.382280e-04,1.106697e-18
4.484387e-04,1.046016e-18
4.588874e-04,9.889209e-19
4.695794e-04,9.351878e-19
4.805206e-04,8.846037e-19
4.917167e-04,8.369724e-19
5.031738e-04,7.921079e-19
5.148976e-04,7.498398e-19
5.268949e-04,7.100047e-19
5.391715e-04,6.724534e-19
5.517341e-04,6.370451e-19
5.645896e-04,6.036472e-19
5.777444e-04,5.721381e-19
5.912059e-04,5.424014e-19
6.049810e-04,5.143302e-19
6.190771e-04,4.878237e-19
6.335016e-04,4.627876e-19
6.482622e-04,4.391341e-19
6.633666e-04,4.167808e-19
6.788231e-04,3.956500e-19
6.946397e-04,3.756698e-19
7.108249e-04,3.567726e-19
7.273870e-04,3.388951e-19
7.443352e-04,3.219776e-19
7.616783e-04,3.059646e-19
7.794252e-04,2.908043e-19
7.975859e-04,2.764474e-19
8.161697e-04,2.628481e-19
8.351864e-04,2.499638e-19
8.546462e-04,2.377538e-19
8.745595e-04,2.261803e-19
8.949368e-04,2.152078e-19
9.157887e-04,2.048030e-19
9.371265e-04,1.949346e-19
9.589617e-04,1.855729e-19
9.813056e-04,1.766905e-19
1.004170e-03,1.682613e-19
1.027567e-03,1.602608e-19
1.051509e-03,1.526660e-19
1.076010e-03,1.454553e-19
1.101081e-03,1.386083e-19
1.126736e-03,1.321058e-19
1.152989e-03,1.259297e-19
1.179853e-03,1.200631e-19
1.207344e-03,1.144898e-19
1.235475e-03,1.091948e-19
1.264262e-03,1.041638e-19
1.293719e-03,9.938345e-20
1.323863e-03,9.484095e-20
1.354709e-03,9.052439e-20
1.386273e-03,8.642247e-20
1.418573e-03,8.252454e-20
1.451626e-03,7.882051e-20
1.485449e-03,7.530088e-20
1.520060e-03,7.195668e-20
1.555477e-03,6.877940e-20
1.591720e-03,6.576101e-20
1.628807e-03,6.289391e-20
1.666758e-03,6.017091e-20
1.705594e-03,5.758522e-20
1.745334e-03,5.513042e-20
1.786000e-03,5.280040e-20
1.827614e-03,5.058937e-20
1.870198e-03,4.849188e-20
1.913773e-03,4.650272e-20
1.958364e-03,4.461697e-20
2.003994e-03,4.282999e-20
2.050688e-03,4.113722e-20
2.098468e-03,3.953458e-20
2.147363e-03,3.801794e-20
2.197395e-03,3.658355e-20
2.248596e-03,3.522764e-20
2.300987e-03,3.394684e-20
2.354600e-03,3.273773e-20
2.409463e-03,3.159713e-20
2.465604e-03,3.052197e-20
2.523051e-03,2.950936e-20
2.581840e-03,2.855638e-20
2.641995e-03,2.766041e-20
2.703555e-03,2.681873e-20
2.766546e-03,2.602887e-20
2.831007e-03,2.528835e-20
2.896970e-03,2.459480e-20
2.964469e-03,2.394594e-20
3.033541e-03,2.333954e-20
3.104224e-03,2.277344e-20
3.176552e-03,2.224559e-20
3.250565e-03,2.175394e-20
3.326303e-03,2.129655e-20
3.403807e-03,2.087152e-20
3.483114e-03,2.047704e-20
3.564271e-03,2.011133e-20
3.647319e-03,1.977271e-20
3.732301e-03,1.945955e-20
3.819263e-03,1.917028e-20
3.908253e-03,1.890339e-20
3.999315e-03,1.865748e-20
4.092499e-03,1.843116e-20
4.187855e-03,1.822314e-20
4.285431e-03,1.803218e-20
4.385282e-03,1.785713e-20
4.487460e-03,1.769688e-20
4.592017e-03,1.755040e-20
4.699012e-03,1.741670e-20
4.808499e-03,1.729488e-20
4.920536e-03,1.718408e-20
5.035185e-03,1.708350e-20
5.152505e-03,1.699239e-20
5.272558e-03,1.691007e-20
5.395408e-03,1.683590e-20
5.521122e-03,1.676928e-20
5.649763e-03,1.670966e-20
5.781403e-03,1.665653e-20
5.916109e-03,1.660945e-20
6.053955e-03,1.656796e-20
6.195011e-03,1.653169e-20
6.339356e-03,1.650028e-20
6.487064e-03,1.647341e-20
6.638212e-03,1.645078e-20
6.792882e-03,1.643211e-20
6.951155e-03,1.641718e-20
7.113118e-03,1.640577e-20
7.278853e-03,1.639767e-20
7.448452e-03,1.639272e-20
7.622001e-03,1.639077e-20
7.799592e-03,1.639168e-20
7.981323e-03,1.639533e-20
8.167287e-03,1.640164e-20
8.357586e-03,1.641050e-20
8.552317e-03,1.642186e-20
8.751586e-03,1.643565e-20
8.955498e-03,1.645184e-20
9.164160e-03,1.647039e-20
9.377686e-03,1.649129e-20
9.596187e-03,1.651453e-20
9.819778e-03,1.654012e-20
1.004858e-02,1.656808e-20
1.028271e-02,1.659842e-20
1.052230e-02,1.663119e-20
1.076747e-02,1.666644e-20
1.101835e-02,1.670422e-20
1.127508e-02,1.674461e-20
1.153779e-02,1.678768e-20
1.180662e-02,1.683351e-20
1.208171e-02,1.688222e-20
1.236321e-02,1.693392e-20
1.265128e-02,1.698872e-20
1.294605e-02,1.704676e-20
1.324770e-02,1.710819e-20
1.355636e-02,1.717318e-20
1.387223e-02,1.724188e-20
1.419545e-02,1.731450e-20
1.452621e-02,1.739123e-20
1.486467e-02,1.747231e-20
1.521101e-02,1.755795e-20
1.556543e-02,1.764844e-20
1.592811e-02,1.774402e-20
1.629923e-02,1.784502e-20
1.667900e-02,1.795175e-20
1.706762e-02,1.806455e-20
1.746530e-02,1.818380e-20
1.787224e-02,1.830992e-20
1.828866e-02,1.844332e-20
1.871479e-02,1.858449e-20
1.915084e-02,1.873395e-20
1.959706e-02,1.889223e-20
2.005368e-02,1.905995e-20
2.052093e-02,1.923775e-20
2.099905e-02,1.942636e-20
2.148833e-02,1.962653e-20
2.198901e-02,1.983911e-20
2.250136e-02,2.006502e-20
2.302563e-02,2.030527e-20
2.356214e-02,2.056094e-20
2.411113e-02,2.083325e-20
2.467293e-02,2.112351e-20
2.524780e-02,2.143317e-20
2.583607e-02,2.176384e-20
2.643806e-02,2.211728e-20
2.705406e-02,2.249543e-20
2.768443e-02,2.290046e-20
2.832946e-02,2.333475e-20
2.898955e-02,2.380096e-20
2.966500e-02,2.430203e-20
3.035619e-02,2.484126e-20
3.106350e-02,2.542230e-20
3.178727e-02,2.604925e-20
3.252792e-02,2.672667e-20
3.328582e-02,2.745967e-20
3.406137e-02,2.825394e-20
3.485502e-02,2.911587e-20
3.566714e-02,3.005255e-20
3.649818e-02,3.107185e-20
3.734858e-02,3.218252e-20
3.821880e-02,3.339412e-20
3.910930e-02,3.471705e-20
4.002055e-02,3.616240e-20
4.095303e-02,3.774171e-20
4.190724e-02,3.946646e-20
4.288367e-02,4.134733e-20
4.388286e-02,4.339284e-20
4.490534e-02,4.560743e-20
4.595162e-02,4.798855e-20
4.702229e-02,5.052264e-20
4.811793e-02,5.317992e-20
4.923906e-02,5.590836e-20
5.038634e-02,5.862793e-20
5.156034e-02,6.122747e-20
5.276169e-02,6.356774e-20
5.399105e-02,6.549422e-20
5.524903e-02,6.686094e-20
5.653634e-02,6.756091e-20
5.785363e-02,6.755287e-20
5.920163e-02,6.687233e-20
6.058103e-02,6.562185e-20
6.199256e-02,6.394542e-20
6.343698e-02,6.199851e-20
6.491507e-02,5.992428e-20
6.642758e-02,5.784031e-20
6.797535e-02,5.583501e-20
6.955917e-02,5.397011e-20
7.117990e-02,5.228597e-20
7.283840e-02,5.080751e-20
7.453553e-02,4.954929e-20
7.627220e-02,4.851974e-20
7.804936e-02,4.772431e-20
7.986791e-02,4.716776e-20
8.172883e-02,4.685593e-20
8.363311e-02,4.679707e-20
8.558177e-02,4.700290e-20
8.757581e-02,4.748959e-20
8.961632e-02,4.827856e-20
9.170440e-02,4.939721e-20
9.384110e-02,5.087941e-20
9.602760e-02,5.276536e-20
9.826505e-02,5.510016e-20
1.005546e-01,5.792989e-20
1.028976e-01,6.129294e-20
1.052951e-01,6.520303e-20
1.077484e-01,6.961986e-20
1.102590e-01,7.440462e-20
1.128280e-01,7.926816e-20
1.154569e-01,8.374311e-20
1.181470e-01,8.723988e-20
1.208999e-01,8.923018e-20
1.237168e-01,8.949240e-20
1.265994e-01,8.823502e-20
1.295492e-01,8.598851e-20
1.325677e-01,8.337168e-20
1.356565e-01,8.091180e-20
1.388173e-01,7.898594e-20
1.420518e-01,7.784524e-20
1.453616e-01,7.766665e-20
1.487485e-01,7.860172e-20
1.522143e-01,8.081314e-20
1.557609e-01,8.449673e-20
1.593902e-01,8.988166e-20
1.631039e-01,9.718298e-20
1.669043e-01,1.064434e-19
1.707931e-01,1.171620e-19
1.747726e-01,1.277112e-19
1.788448e-01,1.351607e-19
1.830119e-01,1.368064e-19
1.872761e-01,1.327141e-19
1.916396e-01,1.256716e-19
1.960674e-01,1.187485e-19
2.005975e-01,1.136909e-19
2.052324e-01,1.113405e-19
2.099743e-01,1.121329e-19
2.148256e-01,1.164614e-19
2.197892e-01,1.247932e-19
2.248674e-01,1.374389e-19
2.300630e-01,1.535631e-19
2.353785e-01,1.691102e-19
2.408169e-01,1.764205e-19
2.463810e-01,1.714402e-19
2.520736e-01,1.595754e-19
2.578977e-01,1.484902e-19
2.638563e-01,1.422377e-19
2.699528e-01,1.423333e-19
2.761901e-01,1.497408e-19
2.825713e-01,1.655480e-19
2.891002e-01,1.895416e-19
2.957797e-01,2.143998e-19
3.026138e-01,2.221671e-19
3.096055e-01,2.074842e-19
3.167591e-01,1.878434e-19
3.240778e-01,1.763158e-19
3.315655e-01,1.767948e-19
3.392262e-01,1.910068e-19
3.470640e-01,2.198644e-19
3.550829e-01,2.540170e-19
3.632872e-01,2.618162e-19
3.716807e-01,2.367578e-19
3.802684e-01,2.122951e-19
3.854081e-01,2.057297e-19
3.906171e-01,2.061740e-19
3.958964e-01,2.142110e-19
4.012470e-01,2.305010e-19
4.066701e-01,2.549651e-19
4.121665e-01,2.839224e-19
4.177372e-01,3.059679e-19
4.233830e-01,3.070234e-19
4.291054e-01,2.882549e-19
4.349049e-01,2.644606e-19
4.407828e-01,2.466428e-19
4.467403e-01,2.387774e-19
4.527781e-01,2.420383e-19
4.588977e-01,2.573166e-19
4.650998e-01,2.850471e-19
4.713860e-01,3.211100e-19
4.777571e-01,3.486262e-19
4.842140e-01,3.455123e-19
4.907586e-01,3.173962e-19
4.973914e-01,2.883042e-19
5.041138e-01,2.713460e-19
5.109273e-01,2.699616e-19
5.178326e-01,2.855202e-19
5.248314e-01,3.190529e-19
5.319248e-01,3.649669e-19
5.391141e-01,3.959516e-19
5.464003e-01,3.814169e-19
5.537852e-01,3.420482e-19
5.612699e-01,3.117176e-19
5.688558e-01,3.020940e-19
5.743108e-01,3.092488e-19
5.798181e-01,3.287956e-19
5.853782e-01,3.606663e-19
5.909916e-01,4.003662e-19
5.966588e-01,4.327469e-19
6.023804e-01,4.366303e-19
6.081570e-01,4.105585e-19
6.139889e-01,3.751883e-19
6.198766e-01,3.474142e-19
6.258209e-01,3.334214e-19
6.318221e-01,3.347335e-19
6.378809e-01,3.522581e-19
6.439978e-01,3.866256e-19
6.501735e-01,4.339431e-19
6.564081e-01,4.755759e-19
6.627026e-01,4.807403e-19
6.690577e-01,4.470557e-19
6.754734e-01,4.048211e-19
6.819508e-01,3.755444e-19
6.884904e-01,3.655305e-19
6.950926e-01,3.762317e-19
7.017582e-01,4.087601e-19
7.084875e-01,4.608244e-19
7.152815e-01,5.131256e-19
7.221406e-01,5.240010e-19
7.290655e-01,4.843154e-19
7.360569e-01,4.345479e-19
7.431153e-01,4.028714e-19
7.502412e-01,3.963869e-19
7.574356e-01,4.167919e-19
7.630694e-01,4.519839e-19
7.687452e-01,5.013178e-19
7.744634e-01,5.507476e-19
7.802239e-01,5.718897e-19
7.860272e-01,5.491414e-19
7.918738e-01,5.031111e-19
7.977639e-01,4.611003e-19
8.036978e-01,4.355083e-19
8.096757e-01,4.293939e-19
8.156981e-01,4.436597e-19
8.217655e-01,4.791205e-19
8.278778e-01,5.334576e-19
8.340357e-01,5.907587e-19
8.402394e-01,6.146709e-19
8.464891e-01,5.850377e-19
8.527854e-01,5.306747e-19
8.591286e-01,4.852631e-19
8.655188e-01,4.617051e-19
8.719566e-01,4.626205e-19
8.784424e-01,4.891328e-19
8.849763e-01,5.414738e-19
8.915589e-01,6.099065e-19
8.981905e-01,6.571514e-19
9.048713e-01,6.406589e-19
9.116018e-01,5.808029e-19
9.183824e-01,5.255430e-19
9.252134e-01,4.960709e-19
9.320953e-01,4.965648e-19
9.390284e-01,5.283815e-19
9.460129e-01,5.910270e-19
9.517622e-01,6.544137e-19
9.575464e-01,6.985737e-19
9.633659e-01,6.912052e-19
9.692205e-01,6.405923e-19
9.751108e-01,5.830505e-19
9.810370e-01,5.416520e-19
9.869991e-01,5.233039e-19
9.929975e-01,5.293567e-19
9.990325e-01,5.607425e-19
1.005104e+00,6.171857e-19
1.011212e+00,6.888627e-19
1.017358e+00,7.418898e-19
1.023541e+00,7.343823e-19
1.029761e+00,6.760346e-19
1.036019e+00,6.124158e-19
1.042316e+00,5.701043e-19
1.048650e+00,5.559649e-19
1.055023e+00,5.713051e-19
1.061435e+00,6.171039e-19
1.067886e+00,6.898925e-19
1.074376e+00,7.651822e-19
1.080905e+00,7.885716e-19
1.087474e+00,7.387136e-19
1.094083e+00,6.644323e-19
1.100732e+00,6.092600e-19
1.107422e+00,5.864436e-19
1.114152e+00,5.981552e-19
1.120923e+00,6.456515e-19
1.127736e+00,7.257193e-19
1.134589e+00,8.097602e-19
1.140419e+00,8.342312e-19
1.146279e+00,7.943028e-19
1.152169e+00,7.244083e-19
1.158089e+00,6.635034e-19
1.164040e+00,6.276547e-19
1.170021e+00,6.203137e-19
1.176033e+00,6.423642e-19
1.182076e+00,6.944846e-19
1.188150e+00,7.720780e-19
1.194255e+00,8.501345e-19
1.200392e+00,8.771440e-19
1.206560e+00,8.302054e-19
1.212760e+00,7.521421e-19
1.218991e+00,6.879049e-19
1.225255e+00,6.539689e-19
1.231550e+00,6.533487e-19
1.237879e+00,6.870842e-19
1.244239e+00,7.552257e-19
1.250633e+00,8.463347e-19
1.257059e+00,9.158037e-19
1.263518e+00,9.048741e-19
1.270011e+00,8.274669e-19
1.276536e+00,7.465692e-19
1.283095e+00,6.960489e-19
1.289688e+00,6.835036e-19
1.296316e+00,7.102855e-19
1.302976e+00,7.770729e-19
1.309671e+00,8.743413e-19
1.316401e+00,9.556129e-19
1.323165e+00,9.490214e-19
1.329055e+00,8.774507e-19
1.334970e+00,7.971509e-19
1.340912e+00,7.396934e-19
1.346881e+00,7.141133e-19
1.352876e+00,7.219004e-19
1.358898e+00,7.639889e-19
1.364946e+00,8.395538e-19
1.371022e+00,9.347426e-19
1.377124e+00,1.003938e-18
1.383254e+00,9.922558e-19
1.389411e+00,9.131500e-19
1.395595e+00,8.267293e-19
1.401807e+00,7.681537e-19
1.408046e+00,7.464536e-19
1.414314e+00,7.630408e-19
1.420609e+00,8.188865e-19
1.426932e+00,9.103785e-19
1.433283e+00,1.010535e-18
1.439663e+00,1.053441e-18
1.446071e+00,9.998618e-19
1.452507e+00,9.023227e-19
1.458973e+00,8.219924e-19
1.465467e+00,7.809110e-19
1.471989e+00,7.827199e-19
1.478541e+00,8.285861e-19
1.485122e+00,9.175343e-19
1.491733e+00,1.029359e-18
1.498372e+00,1.096973e-18
1.505042e+00,1.056629e-18
1.511741e+00,9.529615e-19
1.517676e+00,8.710732e-19
1.523635e+00,8.220975e-19
1.529617e+00,8.105460e-19
1.535622e+00,8.373160e-19
1.541651e+00,9.030677e-19
1.547704e+00,1.002027e-18
1.553780e+00,1.103053e-18
1.559880e+00,1.140672e-18
1.566005e+00,1.082573e-18
1.572153e+00,9.812723e-19
1.578325e+00,8.956614e-19
1.584522e+00,8.481578e-19
1.590743e+00,8.428065e-19
1.596989e+00,8.805994e-19
1.603258e+00,9.617187e-19
1.609553e+00,1.074565e-18
1.615872e+00,1.170047e-18
1.622216e+00,1.172411e-18
1.628585e+00,1.082057e-18
1.634979e+00,9.751333e-19
1.641398e+00,9.012983e-19
1.647843e+00,8.734582e-19
1.654312e+00,8.933849e-19
1.660807e+00,9.620952e-19
1.667328e+00,1.073964e-18
1.673874e+00,1.190636e-18
1.680446e+00,1.226213e-18
1.687043e+00,1.146643e-18
1.693667e+00,1.029046e-18
1.700316e+00,9.415966e-19
1.706288e+00,9.058385e-19
1.712280e+00,9.123740e-19
1.718294e+00,9.621275e-19
1.724328e+00,1.054172e-18
1.730384e+00,1.172567e-18
1.736462e+00,1.262912e-18
1.742560e+00,1.254804e-18
1.748680e+00,1.158290e-18
1.754821e+00,1.047756e-18
1.760984e+00,9.699877e-19
1.767169e+00,9.375934e-19
1.773375e+00,9.523176e-19
1.779603e+00,1.015152e-18
1.785853e+00,1.122944e-18
1.792125e+00,1.248354e-18
1.798419e+00,1.316591e-18
1.804735e+00,1.266817e-18
1.811074e+00,1.148490e-18
1.817434e+00,1.041454e-18
1.823817e+00,9.795438e-19
1.830222e+00,9.690506e-19
1.836650e+00,1.011093e-18
1.843100e+00,1.105817e-18
1.849573e+00,1.238649e-18
1.856069e+00,1.347286e-18
1.862588e+00,1.339825e-18
1.869129e+00,1.226877e-18
1.875693e+00,1.103425e-18
1.882281e+00,1.023866e-18
1.888892e+00,1.000436e-18
1.894893e+00,1.028912e-18
1.900913e+00,1.105340e-18
1.906952e+00,1.223734e-18
1.913010e+00,1.349520e-18
1.919088e+00,1.404723e-18
1.925184e+00,1.341802e-18
1.931301e+00,1.218220e-18
1.937437e+00,1.108983e-18
1.943592e+00,1.044882e-18
1.949766e+00,1.031740e-18
1.955961e+00,1.070541e-18
1.962176e+00,1.161727e-18
1.968409e+00,1.294568e-18
1.974663e+00,1.418277e-18
1.980937e+00,1.441417e-18
1.987231e+00,1.344168e-18
1.993544e+00,1.211692e-18
1.999877e+00,1.112275e-18
2.006230e+00,1.066451e-18
2.012605e+00,1.077023e-18
2.018999e+00,1.145067e-18
2.025413e+00,1.267463e-18
2.031847e+00,1.413044e-18
2.038303e+00,1.492238e-18
2.044779e+00,1.431444e-18
2.051274e+00,1.292686e-18
2.057791e+00,1.171078e-18
2.064330e+00,1.104374e-18
2.070888e+00,1.098856e-18
2.077467e+00,1.155713e-18
